名称,分类
甘草,草部
蜜甘,草部
蜜草,草部
美草,草部
草,草部
灵通,草部
国老,草部
黄芪,草部
戴糁,草部
戴椹,草部
草,草部
百本,草部
王孙,草部
（“芪”原作为“耆”）,草部
人参,草部
黄参,草部
血参,草部
人衔,草部
鬼盖,草部
神草,草部
土精,草部
地精,草部
海腴,草部
皱面还丹,草部
沙参,草部
白参,草部
知母,草部
羊乳,草部
羊婆奶,草部
铃儿草,草部
虎须,草部
苦心,草部
荠苠,草部
齐尼,草部
杏参,草部
杏叶沙参,草部
甜桔梗,草部
白面根,草部
苗名隐忍,草部
桔梗,草部
白药,草部
梗草,草部
荠,草部
长松,草部
仙茆,草部
生古松下，根色如荠，味似人参,草部
黄精,草部
黄芝,草部
戊已芝,草部
菟竹,草部
鹿竹,草部
仙人余粮,草部
救穷草,草部
米铺,草部
野生姜,草部
重楼,草部
鸡格,草部
龙御,草部
垂珠,草部
萎蕤,草部
女萎,草部
葳蕤,草部
萎,草部
委萎,草部
萎香,草部
荧,草部
玉竹,草部
地节,草部
知母,草部
母,草部
连母,草部
母,草部
货母,草部
地参,草部
水参（水须、水浚）,草部
荨,草部
藩,草部
苦心,草部
心草,草部
肉苁蓉,草部
肉松容,草部
黑司命,草部
列当,草部
栗当,草部
草苁蓉,草部
花苁蓉,草部
赤箭（天麻）,草部
赤箭芝,草部
独摇芝,草部
定风草,草部
离母,草部
合离草,草部
神草,草部
鬼督邮,草部
赤箭以“其茎如箭杆”，赤色而得名。《神农本草经》,草部
术（白术）,草部
山蓟,草部
杨,草部
蓟,草部
马蓟,草部
山姜,草部
山连,草部
吃力伽,草部
苍术,草部
赤术,草部
山精,草部
仙术,草部
山蓟,草部
狗脊,草部
强,草部
扶筋,草部
百枝,草部
狗青,草部
贯众,草部
贯节,草部
贯渠,草部
百头,草部
草头,草部
黑狗脊,草部
凤尾草,草部
巴戟天,草部
不凋草,草部
三蔓草,草部
远志,草部
苗名小草,草部
细草,草部
棘菀,草部
绕,草部
淫羊霍,草部
仙灵脾,草部
放杖草,草部
弃杖草,草部
千两金,草部
干鸡筋,草部
黄连祖,草部
三枝九叶草,草部
刚草,草部
仙茅,草部
独茅,草部
茅爪子,草部
婆罗门参,草部
玄参,草部
黑参,草部
玄台、,草部
重台,草部
鹿肠,草部
正马,草部
逐马,草部
馥草,草部
野脂麻,草部
鬼藏,草部
地榆,草部
玉豉,草部
酸赭,草部
丹参,草部
赤参,草部
山参,草部
郗蝉草,草部
木羊乳,草部
逐马,草部
奔马草,草部
紫参,草部
牡蒙,草部
童肠,草部
马行,草部
众戎,草部
五鸟花,草部
紫草,草部
紫丹,草部
紫夭,草部
此戾,草部
藐,草部
地血,草部
鸦衔草,草部
白头翁,草部
野丈人,草部
胡王使者,草部
奈何草,草部
白及,草部
连及草,草部
甘根,草部
白给,草部
三七,草部
山漆,草部
金不换,草部
黄连,草部
王连,草部
支连,草部
胡黄连,草部
割孤露泽,草部
黄芩,草部
腐肠,草部
空肠,草部
内虚,草部
经芩,草部
黄文,草部
印头,草部
苦督邮,草部
内部实在的叫子芩、条芩、鼠芩,草部
秦艽,草部
艽,草部
音交,草部
秦瓜,草部
秦,草部
茈胡（柴胡）,草部
地熏,草部
芸蒿,草部
山菜,草部
茹草,草部
前胡,草部
《唐韵》作湔胡,草部
防风,草部
铜芸,草部
茴芸,草部
茴草,草部
屏风,草部
根,草部
百枝,草部
百蜚,草部
独活,草部
羌活,草部
羌青,草部
独摇草,草部
护羌使者,草部
胡王使者,草部
长生草,草部
李明珍说：“独活、羌活乃一类二种，以中国者为独活,草部
升麻,草部
周麻,草部
苦参,草部
苦,草部
苦骨,草部
地槐,草部
水槐,草部
菟槐,草部
骄槐,草部
野槐,草部
白茎,草部
白鲜,草部
音仙,草部
鲜,草部
白,草部
白羊鲜,草部
金雀儿椒,草部
延胡索,草部
玄胡索,草部
贝母,草部
苘,草部
勤母,草部
苦菜,草部
苦花,草部
空草,草部
药实,草部
山慈姑,草部
金灯,草部
鬼灯,草部
朱姑,草部
鹿蹄草,草部
无义草,草部
石蒜,草部
乌蒜,草部
老鸦蒜,草部
蒜头草,草部
婆婆酸,草部
一枝煎,草部
水麻,草部
白茅,草部
茹根,草部
兰根,草部
地筋,草部
龙胆,草部
陵游,草部
细辛,草部
小辛,草部
少辛,草部
及己,草部
“獐耳细辛”,草部
徐长卿,草部
鬼督邮,草部
别仙踪,草部
薇草,草部
白幕,草部
春草,草部
骨美,草部
白薇,草部
白前,草部
石蓝,草部
嗽药,草部
锦地罗,草部
微苦,草部
平,草部
无毒,草部
檀香,草部
旃檀,草部
真檀,草部
锁阳,草部
甘,草部
温,草部
无毒,草部
铁线草,草部
微苦,草部
平,草部
无毒,草部
当归,草部
干归,草部
山蕲,草部
白蕲,草部
文无,草部
芎穷,草部
胡,草部
川芎,草部
香果,草部
山鞠穷,草部
蘼芜,草部
薇芜,草部
蕲,草部
江蓠,草部
蛇床,草部
蛇米,草部
蛇粟,草部
虺床,草部
马床,草部
墙蘼,草部
藁本,草部
藁茇,草部
鬼卿,草部
地新,草部
微茎,草部
白芷,草部
白,草部
芳香,草部
泽芬,草部
苻蓠,草部
莞,草部
叶名麻,草部
药,草部
芍药,草部
将离,草部
梨食,草部
白芍,草部
余容,草部
延。,草部
白者名金芍药,草部
赤者名木芍药,草部
牡丹,草部
鼠姑,草部
鹿韭,草部
百两金,草部
木芍药,草部
花王,草部
木香,草部
蜜香,草部
青木香,草部
五木香,草部
南木香,草部
甘松香,草部
苦弥扯,草部
杜若,草部
杜蘅,草部
杜莲,草部
若芝,草部
楚蘅,草部
山姜,草部
高良姜,草部
蛮姜,草部
子名红豆蔻,草部
郁金,草部
马,草部
姜黄,草部
宝鼎香,草部
补骨脂,草部
破故纸,草部
婆固脂,草部
胡韭子,草部
荜茏,草部
荜拨,草部
益智子,草部
缩砂密,草部
白豆蔻,草部
多骨,草部
豆蔻,草部
草豆蔻,草部
漏蔻,草部
草果,草部
蓬莪茂,草部
述,草部
荆三棱,草部
京三棱,草部
草三棱,草部
鸡爪棱,草部
黑三棱,草部
石三棱,草部
莎草香附子,草部
雀头香,草部
草附子,草部
水香棱,草部
水巴戟,草部
水莎,草部
侯莎,草部
莎结,草部
夫须,草部
续根草,草部
地毛,草部
藿香,草部
兜娄婆香,草部
熏草（零陵香）,草部
蕙草,草部
香草,草部
燕草,草部
黄零草,草部
兰草,草部
（闲）,草部
木香,草部
香水兰,草部
女兰,草部
香草,草部
燕尾香,草部
大泽兰,草部
兰泽草,草部
煎泽草,草部
省头草,草部
都梁香,草部
孩儿菊,草部
千金草,草部
泽兰,草部
水香,草部
都梁香,草部
虎兰,草部
虎蒲,草部
龙枣,草部
孩儿菊,草部
风药,草部
根名地笋,草部
马兰,草部
紫菊,草部
香薷,草部
香柔,草部
香茸,草部
香菜,草部
蜜蜂草,草部
假苏,草部
姜芥,草部
荆芥,草部
鼠萤,草部
薄荷,草部
菝活,草部
蕃荷菜,草部
吴菝活,草部
南薄荷,草部
金钱薄荷,草部
水苏,草部
鸡苏,草部
香苏,草部
龙脑薄荷,草部
芥苴,草部
菊,草部
节华,草部
女节,草部
女华,草部
女茎,草部
日精,草部
更生,草部
傅延年,草部
金蕊,草部
陰成,草部
周盈,草部
野菊,草部
苦薏,草部
淹闾,草部
覆闾,草部
艾,草部
冰台,草部
医草,草部
黄草艾蒿,草部
茵陈蒿,草部
青蒿,草部
草高,草部
方溃,草部
牵,草部
狈蒿,草部
香蒿,草部
白蒿,草部
由胡,草部
蒌蒿,草部
蘩,草部
茺蔚（益母草）,草部
益母,草部
益明,草部
贞蔚,草部
推,草部
野天麻猪麻,草部
郁臭草,草部
苦低草,草部
夏枯草,草部
土质汗,草部
夏枯草,草部
夕句,草部
乃东,草部
燕面,草部
铁色草,草部
刘寄奴草,草部
金寄奴,草部
乌藤菜,草部
旋夏花,草部
金沸草,草部
金钱花,草部
滴滴金,草部
盗瘐,草部
夏菊,草部
戴椹,草部
青葙,草部
草蒿,草部
萋蒿,草部
昆仑草,草部
野鸡冠,草部
鸡冠苋,草部
子名草决明,草部
鸡冠,草部
红蓝花,草部
红花,草部
黄蓝,草部
番红花,草部
消夫蓝,草部
撤法即,草部
燕脂【,草部
赦,草部
大蓟、小蓟,草部
虎蓟（大蓟）,草部
猫蓟（小蓟）,草部
马蓟,草部
刺蓟,草部
山牛蒡,草部
鸡项草,草部
千针草,草部
野红花,草部
续断,草部
属折,草部
接骨,草部
龙豆,草部
南草,草部
漏卢,草部
野兰,草部
荚蒿,草部
鬼油麻,草部
苎麻,草部
苘麻,草部
白麻,草部
大青,草部
小青,草部
胡芦巴,草部
苦豆,草部
蠡实,草部
荔实,草部
马蔺子,草部
马楝子,草部
马薤,草部
马帚,草部
铁扫帚,草部
剧草,草部
旱蒲,草部
豕首,草部
三坚,草部
恶实,草部
荔实,草部
马亦名鼠粘,草部
牛蒡,草部
大力子,草部
蒡翁菜,草部
便牵牛,草部
蝙蝠刺,草部
呆耳,草部
胡,草部
常思,草部
苍耳,草部
卷耳,草部
爵耳,草部
猪耳,草部
耳,草部
地葵,草部
羊负来,草部
道人头,草部
进贤菜,草部
喝起草,草部
野茄,草部
缣丝草,草部
无名精,草部
天蔓菁,草部
天门精,草部
地菘,草部
玉门精,草部
麦句姜,草部
蟾蜍兰,草部
蛤蟆蓝,草部
蚵草,草部
豕首,草部
彘颅,草部
活鹿草,草部
刘草,草部
皱面草,草部
母猪芥,草部
果实名鹤虱,草部
根名杜牛膝,草部
希莶,草部
希仙,草部
火锨草,草部
猪膏母,草部
虎膏,草部
狗膏,草部
粘糊菜,草部
箬,草部
箬,草部
音若,草部
辽叶,草部
芦,草部
苇,草部
葭,草部
花名蓬,草部
笋名（音拳）,草部
甘蕉,草部
芭蕉,草部
夭苴,草部
芭苴,草部
蓑荷,草部
覆菹,草部
草,草部
苴,草部
苴,草部
嘉草,草部
灯心草,草部
虎须草,草部
碧玉草,草部
木贼,草部
麻黄,草部
龙沙,草部
卑相,草部
卑盐,草部
地黄,草部
名（音户）,草部
芑（音起）,草部
地髓,草部
牛膝,草部
牛茎,草部
百倍,草部
山苋菜,草部
对节菜,草部
紫菀,草部
青菀,草部
紫茜,草部
返魂草,草部
夜牵牛,草部
麦门冬,草部
冬,草部
禹韭,草部
禹余粮,草部
忍冬,草部
忍凌,草部
不死草,草部
阶前草,草部
萱草,草部
忘居,草部
疗愁,草部
丹棘,草部
鹿葱,草部
鹿剑,草部
宜男,草部
淡竹叶,草部
根名碎骨子,草部
鸭跖草,草部
芩鸡舌草,草部
碧竹草,草部
竹鸡草,草部
竹叶菜,草部
淡竹叶,草部
耳环草,草部
碧蝉花,草部
蓝姑草,草部
葵【,草部
露葵,草部
滑菜,草部
蜀葵,草部
戎葵,草部
吴葵,草部
龙葵,草部
苦葵,草部
苦菜,草部
天茄子,草部
水茄,草部
天泡草,草部
老鸦酸浆草,草部
老鸦眼睛草,草部
酸浆,草部
醋浆,草部
革针,草部
苦耽,草部
灯笼草,草部
虎弁草,草部
天泡草,草部
王母珠,草部
洛神珠,草部
蜀羊泉,草部
羊泉,草部
羊饴,草部
漆姑草,草部
败酱,草部
苦菜,草部
泽败,草部
鹿肠,草部
鹿首,草部
马草,草部
款冬花,草部
款冻,草部
颗冻,草部
氏冬,草部
钻冻,草部
菟奚,草部
虎须,草部
鼠曲草,草部
米曲,草部
鼠耳,草部
佛耳草,草部
无心草,草部
香茅,草部
黄蒿,草部
茸母,草部
决明,草部
马蹄决明,草部
地肤,草部
地葵,草部
地麦,草部
落帚,草部
独帚,草部
王帚,草部
扫帚,草部
益明,草部
涎衣草,草部
白地草,草部
鸭舌草,草部
瞿麦,草部
锯句麦,草部
大菊,草部
大半,草部
石竹,草部
南天竺草,草部
王不留行,草部
禁宫花,草部
剪金花,草部
金盏银台,草部
葶苈,草部
丁苈,草部
大室,草部
大适,草部
狗荠,草部
车前,草部
当道,草部
浮以,草部
马昔,草部
牛遗,草部
牛舌,草部
车轮草,草部
地衣,草部
蛤蟆衣,草部
马鞭草,草部
龙牙草,草部
凤颈草,草部
蛇含,草部
蛇衔,草部
威蛇,草部
小龙牙,草部
紫背龙牙,草部
鳢肠,草部
莲子草,草部
早莲草,草部
墨烟草,草部
墨头草,草部
墨菜,草部
猢狲,草部
猪牙草,草部
连翘,草部
异翘,草部
旱莲子,草部
兰华,草部
三廉，,草部
根名连轺、竹根,草部
蒴翟,草部
朔吊,草部
接骨草,草部
蓝,草部
蓝淀,草部
靛,草部
青黛,草部
靛花,草部
青蛤粉,草部
甘蓝,草部
蓝菜,草部
蓼,草部
水蓼,草部
虞蓼,草部
泽蓼,草部
马蓼,草部
大蓼,草部
墨记草,草部
荭草,草部
游龙,草部
石龙,草部
天蓼,草部
大蓼,草部
虎杖,草部
苦杖,草部
大虫杖,草部
斑杖,草部
酸杖,草部
匾蓄,草部
扁竹,草部
扁辨,草部
扁蔓,草部
粉节草,草部
道生草,草部
蒺藜,草部
名茨,草部
旁通,草部
屈人,草部
止行,草部
休羽,草部
升推,草部
谷精草,草部
戴星草,草部
文星草,草部
流星草,草部
海金沙,草部
竹园荽,草部
半边莲,草部
紫花地丁,草部
箭头草,草部
独行虎,草部
羊角子,草部
米布袋,草部
见肿消,草部
大黄,草部
黄良,草部
将军,草部
火参,草部
肤如,草部
商陆,草部
逐汤,草部
当陆,草部
章柳,草部
白昌,草部
马尾,草部
夜呼,草部
狼毒,草部
防葵,草部
房苑,草部
梨盖,草部
利茹,草部
狼牙,草部
牙子,草部
狼齿,草部
狼子,草部
犬牙,草部
抱牙,草部
支兰,草部
闾茹,草部
离娄,草部
掘据,草部
白色者名草闾茹,草部
大戟,草部
邛巨,草部
下马仙,草部
泽漆,草部
漆茎,草部
猫儿眼睛草,草部
绿叶绿花草,草部
五凤草,草部
甘遂,草部
白泽,草部
主田,草部
鬼丑,草部
陵泽,草部
甘泽,草部
重泽,草部
苦泽,草部
续随子,草部
千金子,草部
千两金,草部
菩萨豆,草部
拒冬,草部
联步,草部
莨菪,草部
天仙子,草部
横唐,草部
行唐,草部
蓖麻,草部
蜀漆,草部
蜀漆是常山的苗，功用是相同,草部
藜芦,草部
山葱,草部
葱苒,草部
葱炎,草部
葱葵,草部
丰芦,草部
憨葱,草部
鹿葱,草部
附子,草部
其母名曰乌头,草部
天雄,草部
白幕,草部
侧子,草部
漏篮子,草部
木鳖子,草部
虎掌,草部
乌头,草部
乌喙,草部
草乌头,草部
土附子,草部
奚毒,草部
耿子,草部
毒公,草部
金鸦,草部
苗名：莨、芨、堇、独白草、鸳鸯菊,草部
汁煎名射,草部
白附子,草部
虎掌,草部
虎膏,草部
鬼,草部
局箬,草部
鬼芋,草部
鬼头,草部
半夏,草部
守田,草部
水玉,草部
地文,草部
和姑,草部
蚤休,草部
蚩休,草部
螫休,草部
紫河车,草部
重台,草部
重楼金线,草部
三层草,草部
七叶一枝花,草部
草甘遂,草部
白甘遂,草部
鬼臼,草部
九说,草部
天说,草部
鬼药,草部
解毒,草部
爵犀,草部
马目毒公,草部
害母草,草部
羞天花,草部
术律草,草部
枸田草,草部
独脚莲,草部
独荷草,草部
山荷叶,草部
旱荷,草部
八角盘,草部
唐婆镜,草部
射干,草部
乌扇,草部
乌,草部
乌吹,草部
乌蒲,草部
凤,草部
鬼扇,草部
扁竹,草部
仙人掌,草部
紫金牛,草部
野萱花,草部
草姜,草部
黄远,草部
玉簪,草部
白仙,草部
凤仙,草部
急性子,草部
早珍珠,草部
金凤花,草部
小桃红,草部
夹竹桃,草部
海,草部
染指甲草,草部
菊婢,草部
坐拿草,草部
曼陀罗花,草部
风匣儿,草部
山茄子,草部
羊踯躅,草部
黄踯躅,草部
黄杜鹃,草部
羊不食草,草部
闹羊花,草部
惊羊花,草部
老虎花,草部
玉枝,草部
芫花,草部
杜芫,草部
赤芫,草部
去水,草部
毒鱼,草部
头痛花,草部
儿草,草部
败华,草部
根名黄大戟、蜀桑,草部
莽草,草部
芒草,草部
鼠莽,草部
茵芋,草部
芫草,草部
卑共,草部
石龙芮,草部
地椹,草部
天豆,草部
石能,草部
鲁果能,草部
水堇,草部
苦堇,草部
堇葵,草部
胡椒菜彭根,草部
钩吻,草部
野葛,草部
毒根,草部
胡蔓草,草部
断肠草,草部
黄藤,草部
火把花,草部
菟丝子,草部
菟缕,草部
菟,草部
菟芦丘,草部
赤纲,草部
玉女唐蒙,草部
火焰草,草部
野狐丝,草部
金线草,草部
覆盆子,草部
奎,草部
西国草,草部
毕楞伽,草部
大麦莓,草部
插田包,草部
乌包子,草部
使君子,草部
留求子,草部
木鳖子,草部
木蟹,草部
番木鳖,草部
马钱子,草部
苦实把豆,草部
火失刻把都,草部
马兜铃,草部
都淋藤,草部
独行根,草部
土青木香,草部
去南根,草部
三百两银药,草部
盍藤子,草部
象豆,草部
盍子,草部
合子,草部
预知子,草部
圣知子,草部
圣先子,草部
盍合子,草部
仙沼子,草部
牵牛子,草部
黑丑,草部
草金铃,草部
盆甑草,草部
狗耳草,草部
旋花,草部
旋,草部
盘根,草部
续筋根,草部
鼓子花,草部
肠草,草部
美草,草部
天剑草,草部
缠枝牡丹,草部
紫葳,草部
凌霄,草部
陵苕,草部
陵时,草部
女葳,草部
茇华,草部
武威,草部
瞿陵,草部
鬼目,草部
营实墙蘼,草部
蔷薇,草部
山棘,草部
牛棘,草部
牛勒,草部
刺花,草部
月季花,草部
月月红,草部
胜春,草部
瘦客,草部
斗雪红,草部
栝楼,草部
果裸,草部
瓜蒌,草部
天瓜,草部
黄瓜,草部
地楼,草部
泽姑,草部
根名白药、天花粉、瑞雪,草部
王瓜,草部
土瓜,草部
钩,草部
老鸦瓜,草部
马瓞瓜,草部
赤雹子,草部
野甜瓜,草部
师姑草,草部
公公须,草部
葛,草部
鸡齐,草部
鹿藿,草部
黄斤,草部
天门冬,草部
门冬,草部
颠勒,草部
颠棘,草部
天棘,草部
万岁藤,草部
百部,草部
婆妇草,草部
野天门冬,草部
何首乌,草部
交藤,草部
夜合,草部
地精,草部
陈知白,草部
马肝厂,草部
桃柳藤,草部
九真藤,草部
赤葛,草部
疮帚,草部
红内消,草部
萆解,草部
赤节,草部
百枝,草部
竹木,草部
白菝葜,草部
菝葜,草部
菝,草部
金刚根,草部
铁菱角,草部
王瓜草,草部
土茯苓,草部
土萆解,草部
刺猪苓,草部
山猪粪,草部
草禹余粮,草部
仙遗粮,草部
冷饭团,草部
硬饭,草部
山地栗,草部
白蔹,草部
白草,草部
白根,草部
兔核,草部
猫儿卵,草部
昆仑,草部
山豆根,草部
解毒,草部
黄结,草部
中药,草部
黄药子,草部
木药子,草部
大苦,草部
赤药,草部
红药子,草部
白药子,草部
白药,草部
威灵仙,草部
茜草,草部
茅搜,草部
茹芦,草部
地血,草部
染绯草,草部
血见悉,草部
风车草,草部
过山龙,草部
牛蔓,草部
防己,草部
解离,草部
石解,草部
通草,草部
木通,草部
附支,草部
丁翁,草部
万年藤,草部
子名燕覆,草部
通脱木,草部
通草,草部
活夺,草部
离南,草部
钩藤,草部
白英,草部
谷菜,草部
白草,草部
白幕,草部
排风,草部
子名鬼目,草部
乌蔹莓,草部
五叶莓,草部
茏草,草部
拔,草部
茏葛,草部
五爪龙,草部
赤泼藤,草部
律草,草部
勒草,草部
葛勒蔓,草部
来莓草,草部
络石,草部
石鲮,草部
石龙藤,草部
悬石,草部
耐冬,草部
云花,草部
云丹云英,草部
石血,草部
云珠,草部
木莲,草部
薜荔,草部
木馒头,草部
鬼馒头,草部
忍冬,草部
金银藤,草部
鸳鸯藤,草部
鹭鸶藤,草部
老翁须,草部
左缠藤,草部
金钗股,草部
通灵草,草部
蜜桶藤,草部
金银花,草部
甜藤,草部
藤类,草部
汁名“藤黄,草部
含水藤,草部
天仙藤,草部
南藤,草部
清风藤,草部
百灵藤,草部
紫藤,草部
落雁木,草部
海藤,草部
鸡血藤,草部
甘藤,草部
紫金藤,草部
千里及,草部
泽泻,草部
水泻,草部
鹄泻,草部
及泻,草部
渝,草部
芒芋,草部
禹孙,草部
羊蹄,草部
蓄,草部
秃菜,草部
败毒菜,草部
牛舌菜,草部
羊蹄大黄,草部
鬼目,草部
东方宿,草部
连虫陆,草部
水黄芹,草部
子名金荞麦,草部
酸模,草部
山羊蹄,草部
山大黄,草部
餮芜,草部
酸母,草部
修,草部
当药,草部
菖蒲,草部
昌陽,草部
尧韭,草部
水剑草,草部
菰,草部
茭草,草部
蒋草,草部
菰笋,草部
茭笋,草部
茭白,草部
菰菜,草部
菰根,草部
水萍,草部
苹,草部
苤菜,草部
四叶菜,草部
田字草,草部
萍蓬草,草部
水粟,草部
水栗子。,草部
水藻,草部
海藻,草部
单,草部
落首,草部
海萝,草部
昆布,草部
纶布,草部
石斛,草部
石,草部
金钗,草部
禁生,草部
林兰,草部
杜兰,草部
骨碎补,草部
猴姜,草部
猢狲姜,草部
石毛姜,草部
石奄间,草部
石韦,草部
石革,草部
石皮,草部
石兰,草部
金星草,草部
金钏草,草部
凤尾草,草部
七星草,草部
景天,草部
慎火,草部
戒火,草部
据火,草部
护火,草部
辟火,草部
火母,草部
虎耳草,草部
石荷叶,草部
石胡荽,草部
天胡荽,草部
野园荽,草部
鹅不食草,草部
鸡肠草,草部
螺旋草,草部
镜面草,草部
酢浆草,草部
酸浆,草部
三叶酸,草部
三角酸,草部
酸母,草部
醋母,草部
酸箕,草部
鸠酸,草部
雀林草,草部
小酸茅,草部
赤孙施,草部
地锦,草部
地朕,草部
地噤,草部
夜光,草部
承夜,草部
草血竭,草部
血见愁,草部
血风草,草部
马蚁草,草部
雀儿卧单,草部
酱瓣草,草部
猢孙头草,草部
陟厘,草部
侧梨,草部
水苔,草部
石发,草部
石衣,草部
水衣,草部
水棉,草部
潭,草部
昨叶何草,草部
土马,草部
卷柏,草部
万岁,草部
长生不死草,草部
豹足,草部
求股,草部
交时,草部
石松,草部
马勃,草部
马批,草部
马譬,草部
灰菰,草部
牛屎菰,草部
柏,木部
侧柏,木部
柏实,木部
柏叶,木部
丁香,木部
丁子香,木部
鸡舌香,木部
松,木部
松膏,木部
松肪,木部
松胶,木部
松香,木部
沥青,木部
松节,木部
松叶,木部
杉,木部
杉,木部
沙木,木部
桂,木部
筒桂,木部
小筐,木部
木兰,木部
杜兰,木部
林兰,木部
木莲,木部
黄心,木部
辛夷,木部
辛,木部
侯桃,木部
房木,木部
木笔,木部
迎春（按：本吕为木兰的干燥花蕾）,木部
降真香【,木部
紫藤香,木部
鸡骨香,木部
楠,木部
樟,木部
钓樟,木部
乌樟,木部
枕,木部
豫,木部
枫香脂,木部
白胶香,木部
熏陆香,木部
马尾香,木部
天泽香,木部
摩勒香,木部
多伽罗香,木部
没药,木部
末药,木部
骐竭,木部
血竭,木部
安息香,木部
龙脑香,木部
片脑,木部
羯婆罗香,木部
膏名婆律香（按：即现在通称的冰片）,木部
樟脑,木部
韶脑,木部
芦荟,木部
奴会,木部
讷会,木部
象胆,木部
乌木,木部
乌木,木部
乌文木,木部
苏方木,木部
苏木,木部
芜荑,木部
荑,木部
无姑,木部
木名,木部
榆,木部
零榆,木部
白者名粉,木部
榆叶,木部
白杨,木部
独摇,木部
水杨,木部
青杨,木部
蒲柳,木部
蒲杨,木部
蒲多,木部
多柳,木部
蕉苻,木部
树柳,木部
赤柽,木部
赤杨,木部
河柳,木部
雨师,木部
垂丝柳,木部
人柳,木部
三眠柳,木部
观音柳,木部
柳,木部
小杨,木部
杨柳,木部
柳华,木部
柳叶,木部
枝及根白皮,木部
榉,木部
榉柳,木部
换柳,木部
诃黎勒,木部
诃子,木部
无患子,木部
桓,木部
木患子,木部
噤娄,木部
肥珠子,木部
油珠子,木部
菩提子,木部
鬼见愁,木部
子皮,木部
子中仁,木部
肥筇荚,木部
皂荚,木部
皂角,木部
鸡栖子,木部
乌犀,木部
悬刀,木部
木皮,木部
根皮,木部
皂角子,木部
皂角刺,木部
合欢,木部
合昏,木部
夜合,木部
青裳,木部
萌葛,木部
乌赖树,木部
秦皮,木部
石檀,木部
盆桂,木部
苦树,木部
苦枥,木部
槐,木部
木皮,木部
根白皮,木部
槐叶,木部
槐枝,木部
槐花,木部
槐实,木部
楝,木部
苦楝,木部
实名金铃子,木部
根及木皮,木部
海桐,木部
刺桐,木部
罂子桐,木部
虎子桐,木部
荏桐,木部
油桐,木部
梧桐,木部
榇,木部
楸,木部
漆,木部
椿樗,木部
香者名椿,木部
臭者名樗,木部
山樗名栲,木部
虎目树,木部
大眼桐,木部
杜仲,木部
思仲,木部
思仙,木部
木棉,木部
厚朴,木部
烈朴,木部
赤朴,木部
厚皮,木部
树名榛,木部
子名逐折,木部
小蘖,木部
子蘖,木部
山石榴,木部
檀,木部
蘖木,木部
蘖,木部
根名檀（俗作黄柏）,木部
桦木,木部
棕榈,木部
榈,木部
笋及子花,木部
皮,木部
乌臼木,木部
鸦臼（通称乌桕）,木部
巴豆,木部
名巴菽,木部
刚子,木部
老陽子,木部
大风子,木部
阿魏,木部
阿虞,木部
熏渠,木部
哈昔尼,木部
相思子,木部
红豆,木部
桑,木部
桑柴灰,木部
桑枝,木部
桑叶,木部
桑椹,木部
桑根白皮,木部
柘,木部
楮,木部
构,木部
构桑,木部
皮间白汁,木部
楮实,木部
楮叶,木部
树白皮,木部
枸橘,木部
臭橘,木部
栀子,木部
木丹,木部
越桃,木部
鲜支,木部
酸枣,木部
山枣,木部
白棘,木部
棘刺,木部
棘针,木部
赤龙爪,木部
花名刺原,木部
蕤核,木部
白,木部
山茱萸,木部
蜀酸枣,木部
肉枣,木部
鸡足,木部
鼠矢,木部
胡颓子,木部
卢都子,木部
蒲颓子,木部
雀我酥,木部
半含春,木部
黄婆奶,木部
金樱子,木部
刺梨子,木部
山石榴,木部
山鸡头子,木部
郁李,木部
车下李,木部
爵李,木部
雀梅,木部
常棣,木部
鼠李,木部
楮李,木部
鼠梓,木部
山李子,木部
牛李,木部
皂李,木部
赵李,木部
牛皂子,木部
乌槎子,木部
乌巢,木部
女贞,木部
贞女,木部
冬青,木部
蜡树,木部
冬青,木部
冻青,木部
枸骨,木部
猫儿刺,木部
卫矛,木部
鬼箭,木部
神箭,木部
南烛,木部
南天烛,木部
南烛草木,木部
男续,木部
当染菽,木部
猴菽草,木部
草木之王,木部
惟那木,木部
牛筋,木部
乌饭草,木部
墨饭草,木部
杨桐,木部
赤者名文烛,木部
五加,木部
五佳,木部
五花,木部
文章草,木部
白刺,木部
追风使,木部
木骨,木部
金盐,木部
豺漆,木部
豺节,木部
枸杞,木部
地骨皮,木部
枸枸棘,木部
苦杞,木部
甜菜,木部
天精,木部
地骨,木部
地节,木部
地仙,木部
却老,木部
羊乳,木部
仙人杖,木部
西王母杖,木部
石南,木部
风药,木部
牡荆,木部
黄荆,木部
小荆,木部
楚,木部
叶,木部
荆沥,木部
紫荆,木部
紫珠,木部
皮名肉红、内消,木部
木槿,木部
榇,木部
日及,木部
朝开暮落花,木部
藩篱草,木部
花奴玉蒸,木部
木芙蓉,木部
地芙蓉,木部
木莲,木部
华木,木部
桦木,木部
拒霜,木部
接骨木,木部
续骨木,木部
木蒴,木部
茯苓,木部
茯灵,木部
茯兔,木部
松腴,木部
不死面,木部
抱根者名茯神,木部
琥珀,木部
江珠,木部
猪苓,木部
地乌桃,木部
雷丸,木部
雷实,木部
雷矢,木部
竹苓,木部
桑上寄生,木部
寄屑,木部
寓木,木部
宛童,木部
鸢,木部
竹,木部
竹叶：（堇竹叶）苦、平、无毒；（淡竹叶）辛、平、大寒、无毒；（苦竹叶）苦、冷、无毒。,木部
竹叶,木部
竹茹,木部
竹沥,木部
竹黄,木部
竹膏,木部
白垩,土部
白善土,土部
白土粉,土部
画粉,土部
白垩,土部
黄土,土部
东壁土,土部
胡燕窠土,土部
胡燕窠土，就是屋梁上构成胡燕窝的土,土部
燕子选土，既粘又细，其中还加了燕子的唾液，能作药用,土部
土蜂窠,土部
巢，即细腰蜂巢,土部
蜣螂转丸,土部
蜣螂,土部
推屎虫,土部
蜣螂转丸,土部
土硝,土部
蚁垤土,土部
垤,土部
音迭,土部
土堆之意,土部
蚁垤土,土部
蚁封,土部
白蚁泥,土部
蚯蚓泥,土部
蚓蝼,土部
六一泥,土部
蚯蚓粪,土部
地龙粪,土部
乌爹泥,土部
孩儿茶,土部
乌垒泥,土部
伏龙肝,土部
灶心土,土部
土墼,土部
墼,土部
音急,土部
煤赭,土部
白瓷器,土部
乌古瓦,土部
古砖,土部
烟胶,土部
墨,土部
乌金,土部
陈玄,土部
玄香,土部
乌玉块,土部
釜脐墨,土部
釜月中墨,土部
铛墨,土部
釜煤,土部
釜,土部
锅底墨,土部
百草霜,土部
锻灶灰,土部
梁上尘,土部
炭火,火部
木炭,火部
艾火,火部
针火,火部
燔针,火部
淬针,火部
烧针,火部
煨针,火部
火针，用的是钢针，是烧过的钢针,火部
灯火,火部
神针火,火部
胡麻,谷部
巨胜,谷部
方茎,谷部
狗虱,谷部
油麻,谷部
脂麻,谷部
叶名青蓑,谷部
茎名麻皆,谷部
大麻,谷部
火麻,谷部
黄麻,谷部
汉麻,谷部
雄者牡麻,谷部
雌者名苴麻、苎麻,谷部
花名麻麻勃,谷部
麻勃（大麻的花）,谷部
麻（麻子连壳的总称，大麻的果实）,谷部
大麻油,谷部
大麻叶,谷部
大麻的茎或茎皮,谷部
大麻根,谷部
沤麻汁,谷部
小麦,谷部
来,谷部
小麦（小麦的果实）,谷部
麦麸,谷部
面粉,谷部
大麦,谷部
牟麦,谷部
雀麦,谷部
燕麦,谷部
杜姥草,谷部
牛星草,谷部
米,谷部
苗,谷部
荞麦,谷部
翘,谷部
乌麦、,谷部
花荞,谷部
稻,谷部
名杜,谷部
糯,谷部
稻米,谷部
淘糯米水,谷部
稻秆,谷部
糯稻花,谷部
粳,谷部
粳米,谷部
淅二泔,谷部
炒米汤,谷部
粳谷奴,谷部
禾秆,谷部
籼,谷部
占稻,谷部
早稻,谷部
稷,谷部
名粢,谷部
黍,谷部
赤黍名门,谷部
糜,谷部
白黍中芑,谷部
黑黍中季节距,谷部
一稃二米名痞,谷部
黍米,谷部
丹黍米,谷部
黍茎和根,谷部
蜀黍,谷部
蜀秫,谷部
芦,谷部
芦粟,谷部
木稷,谷部
荻粱,谷部
高粱,谷部
蜀黍米,谷部
根,谷部
玉蜀黍,谷部
玉高粱,谷部
玉蜀黍米,谷部
根、叶,谷部
粱,谷部
黄粱米,谷部
白粱米,谷部
青粱米,谷部
粟,谷部
粟米：咸、微寒、无毒,谷部
粟米,谷部
粟泔汁,谷部
参子,谷部
龙爪粟,谷部
鸭爪稗,谷部
稗,谷部
稗米,谷部
苗、根,谷部
薏苡仁,谷部
解蠡,谷部
芑实,谷部
莘米,谷部
回回米,谷部
薏珠子,谷部
罂子粟,谷部
米囊子,谷部
御米,谷部
象谷,谷部
阿芙蓉,谷部
名阿片,谷部
鸦片,谷部
大豆,谷部
菽,谷部
角名荚,谷部
叶名藿,谷部
茎名萁,谷部
大豆皮,谷部
黑大豆,谷部
黄大豆,谷部
赤小豆,谷部
赤豆,谷部
红豆,谷部
叶名藿,谷部
绿豆,谷部
豆皮,谷部
绿豆粉,谷部
绿豆,谷部
豌豆,谷部
胡豆,谷部
戎菽,谷部
回鹘豆,谷部
毕豆,谷部
青小豆,谷部
青斑豆,谷部
麻累,谷部
蚕豆,谷部
胡豆,谷部
豇豆,谷部
扁豆,谷部
沿篱豆,谷部
蛾眉豆,谷部
白扁豆,谷部
扁豆花,谷部
刀豆,谷部
挟剑豆,谷部
大豆豉,谷部
豆腐,谷部
蒸饼,谷部
曲,部
酒母,部
神曲,谷部
红曲,谷部
蘖米,谷部
粟芽：苦、温、无毒。麦芽：咸、温、无毒。谷芽：甘、温、无毒。,谷部
粟芽,谷部
麦芽,谷部
饴糖,谷部
饧,谷部
酱,谷部
醋,谷部
酢,谷部
苦酒,谷部
酒,谷部
米酒,谷部
愈疟酒,谷部
五加皮酒,谷部
薏苡仁酒,谷部
五加皮酒,谷部
女贞皮酒,谷部
地黄酒,谷部
当归酒,谷部
菖蒲酒,谷部
枸杞酒,谷部
人参酒,谷部
茯苓酒,谷部
桑椹酒,谷部
蜜酒,谷部
蓼酒,谷部
姜酒,谷部
葱豉酒,谷部
茴香酒,谷部
茵陈酒,谷部
海藻酒,谷部
松节酒,谷部
竹叶酒,谷部
麻仁酒,谷部
花蛇酒,谷部
豆淋酒,谷部
虎骨酒,谷部
鹿茸酒,谷部
缩砂酒,谷部
百部酒,谷部
红曲酒,谷部
蝮蛇酒,谷部
烧酒,谷部
火酒,谷部
阿剌吉酒,谷部
糟,谷部
酒糟,谷部
干饧糟,谷部
李,果部
果实,果部
核仁,果部
根白皮,果部
杏杏 ,果部
甜梅,果部
巴旦杏,果部
忽鹿麻,果部
八担杏,果部
梅,果部
榔梅,果部
桃,果部
桃枭,果部
桃奴,果部
枭景,果部
神桃,果部
核仁,果部
桃枭,果部
桃花,果部
桃叶,果部
茎及白皮,果部
桃胶,果部
栗,果部
乌芋,果部
凫茈,果部
凫茨,果部
荸荠,果部
黑三棱,果部
芍,果部
地栗,果部
梨,果部
快果,果部
果宗,果部
玉乳,果部
蜜父,果部
木瓜,果部
名茂,果部
楂子,果部
木桃,果部
和圆子,果部
枣,果部
山楂,果部
赤瓜子,果部
鼠楂,果部
猴楂,果部
茅楂,果部
羊还球,果部
棠球子,果部
山里果,果部
林檎,果部
来禽,果部
文林郎果,果部
柿,果部
烘柿,果部
柿木皮,果部
榲柏,果部
橘,果部
橘叶,果部
橘核,果部
青橘皮,果部
黄橘皮,果部
柑,果部
木奴,果部
橙,果部
金毯,果部
鹄壳,果部
安石榴,果部
若榴,果部
丹若,果部
金罂,果部
甘石榴,果部
酸石榴,果部
酸榴皮,果部
酸榴根,果部
枸橼,果部
香橼,果部
佛手柑,果部
枇杷,果部
实,果部
叶,果部
杨梅,果部
求,果部
柚,果部
名条,果部
壶柑,果部
自橙,果部
朱栾,果部
银杏,果部
名白果,果部
鸭脚子,果部
胡桃,果部
羌桃,果部
核桃,果部
榛子,果部
樱桃,果部
莺桃,果部
含桃,果部
荆桃,果部
橡实,果部
橡斗,果部
皂斗,果部
栎,果部
柞子,果部
茅,果部
栩,果部
实,果部
槲实,果部
槲,果部
朴,果部
大叶栎,果部
栎子,果部
仁,果部
槲若,果部
槲木皮,果部
荔枝,果部
离枝,果部
丹荔,果部
实,果部
核,果部
阿月浑子,果部
胡榛子,果部
无名子,果部
橄槛,果部
青果,果部
忠果,果部
谏果,果部
实,果部
榄仁,果部
核,果部
榧实,果部
赤果,果部
玉榧,果部
玉山果,果部
海松子,果部
新罗松子,果部
龙眼,果部
龙目,果部
圆眼,果部
益智,果部
亚荔枝,果部
荔枝奴,果部
骊珠,果部
燕卵,果部
蜜脾,果部
鲛泪,果部
川弹子,果部
椰子,果部
越王头,果部
胥余,果部
椰子瓤,果部
椰子浆,果部
波罗蜜,果部
波罗蜜,果部
无花果,果部
映日果,果部
优昙钵,果部
阿驵,果部
槟榔,果部
宾门,果部
仁频,果部
洗瘴丹,果部
枳,果部
蜜止矩,果部
蜜屈律,果部
木蜜,果部
木饧,果部
木珊瑚,果部
鸡距子,果部
鸡爪子,果部
木名白石木、交加枝,果部
秦椒,果部
大椒,果部
椒（按椒红即椒的果壳）,果部
蜀椒,果部
巴椒,果部
汉椒,果部
川椒,果部
南椒,果部
点椒,果部
椒目,果部
椒红,果部
马槟榔,果部
马金囊,果部
马金南,果部
紫槟榔,果部
毕澄茄,果部
毗陵茄子,果部
茱萸,果部
盐麸子,果部
五倍,果部
盐肤子,果部
盐梅子,果部
盐坏子,果部
木盐,果部
天盐,果部
叛奴盐,果部
酸桶,果部
胡椒,果部
昧履支,果部
甜瓜,果部
甘瓜,果部
果瓜,果部
瓜瓤,果部
瓜子仁,果部
瓜蒂,果部
西瓜【,果部
寒瓜,果部
葡萄,果部
蒲桃,果部
草龙珠,果部
茗,果部
猕猴桃,果部
猕猴梨,果部
藤梨,果部
陽桃,果部
木子,果部
甘蔗,果部
名竿蔗,果部
遮,果部
沙糖,果部
婴奥,果部
燕奥,果部
婴舌,果部
山葡萄,果部
野葡萄,果部
藤名木龙,果部
莲藕,果部
莲实：藕实、石莲子、水芝、泽芝,果部
苦薏,果部
莲薏即莲子中的青心：苦薏,果部
莲蕊须：佛座须,果部
莲花：芙蓉、芙蕖、水,果部
莲蕊须,果部
莲实,果部
藕,果部
藕节,果部
莲薏,果部
莲花,果部
莲房,果部
荷叶,果部
芰实,果部
水栗,果部
沙角（即通称的菱角）,果部
芡实,果部
鸡头,果部
雁喙,果部
雁头,果部
鸿头,果部
鸡雍,果部
卯,果部
子,果部
水流黄,果部
石蜜,果部
白沙糖（即白糖）,果部
慈姑,果部
藉姑,果部
水萍,果部
河凫茈,果部
白地栗,果部
苗名剪刀草,果部
箭搭草,果部
龙,鳞部
龙骨（按本草所称的龙骨，实为古代多种哺乳动物（包括象、犀牛、马、骆驼、羚羊等）的骨胳化石）,鳞部
龙齿,鳞部
龙骨,鳞部
吊,鳞部
吉吊,鳞部
精名紫梢花,鳞部
鳄鱼,鳞部
土龙,鳞部
鲮鲤,鳞部
龙鲤,鳞部
穿山甲,鳞部
石鲮鱼,鳞部
石龙子,鳞部
山龙子,鳞部
泉龙,鳞部
石蜴,鳞部
晰蜴,鳞部
猪婆蛇,鳞部
守宫,鳞部
守宫,鳞部
壁宫,鳞部
壁虎,鳞部
蝎虎,鳞部
蜓,鳞部
蛤蚧,鳞部
蛤蟹,鳞部
仙蟾,鳞部
蛇蜕,鳞部
蛇皮,鳞部
蛇壳,鳞部
龙退,鳞部
龙子衣,鳞部
龙子皮,鳞部
弓皮,鳞部
蛇符,鳞部
蛇筋,鳞部
蚺蛇,鳞部
南蛇,鳞部
埋头蛇,鳞部
白花蛇,鳞部
蕲蛇,鳞部
褰鼻蛇,鳞部
乌蛇,鳞部
乌梢蛇,鳞部
黑花蛇,鳞部
水蛇,鳞部
公蛎蛇,鳞部
石首鱼,鳞部
石头鱼,鳞部
江鱼,鳞部
黄花鱼,鳞部
干者名想鱼,鳞部
鲥鱼,鳞部
（肉）甘、平、无毒。,鳞部
鲫鱼,鳞部
鲋鱼,鳞部
鳜鱼,鳞部
计鱼,鳞部
石桂鱼,鳞部
水豚,鳞部
金鱼,鳞部
鳢鱼,鳞部
蠡鱼,鳞部
黑鳢,鳞部
玄鳢,鳞部
乌鳢,鳞部
鲷鱼,鳞部
文鱼,鳞部
鳗鲡鱼,鳞部
白鳝,鳞部
蛇鱼,鳞部
干者名风鳗,鳞部
鳝鱼,鳞部
黄鳝,鳞部
鳅鱼,鳞部
泥鳅,鳞部
鲺鱼,鳞部
黄颡鱼,鳞部
黄平面鱼,鳞部
央轧,鳞部
乌贼鱼,鳞部
墨鱼,鳞部
缆鱼,鳞部
干者名鲞,鳞部
骨名海螵蛸,鳞部
肉,鳞部
骨,鳞部
虾,鳞部
海马,鳞部
水马,鳞部
鳔,鳞部
鳔：甘、平、无毒,鳞部
鳔胶：甘、咸、平、无毒,鳞部
鳔,鳞部
鳔胶,鳞部
鱼子,鳞部
鲤鱼,鳞部
肉,鳞部
胆,鳞部
青鱼,鳞部
胆,鳞部
豕,兽部
猪,兽部
豚,兽部
加（一指公猪）,兽部
志（指母猪）,兽部
母猪蹄,兽部
猪胆,兽部
猪脬,兽部
猪胰,兽部
猪肾,兽部
猪肝,兽部
猪油,兽部
加猪肉,兽部
狗,兽部
犬,兽部
地羊,兽部
肉,兽部
狗胆,兽部
羊,兽部
古,兽部
低,兽部
竭,兽部
羊肉,兽部
羊脂,兽部
羊血,兽部
羊肾,兽部
羊肝,兽部
羊胆,兽部
疬胃,兽部
羊角,兽部
脊骨,兽部
胫骨,兽部
羊屎,兽部
牛,兽部
黄牛肉,兽部
牛乳,兽部
牛脑,兽部
角胎（好年听坚骨）,兽部
牛尿,兽部
牛屎（亦牛洞）,兽部
马,兽部
马肉,兽部
白马尿,兽部
白马通,兽部
驴,兽部
驴肉,兽部
驴尿,兽部
骨髓,兽部
驴屎,兽部
驼,兽部
骆驼,兽部
黄,兽部
驼脂,兽部
阿胶,兽部
傅致胶,兽部
黄明胶,兽部
牛皮胶,兽部
水胶,兽部
海犀膏,兽部
牛黄,兽部
丑宝,兽部
鲊答,兽部
狗宝,兽部
虎,兽部
乌徒,兽部
大虫,兽部
李耳,兽部
虎肉,兽部
虎骨,兽部
豹,兽部
名程,兽部
失刺孙,兽部
象,兽部
伽耶,兽部
象牙,兽部
皮,兽部
犀,兽部
似,兽部
犀角,兽部
野猪,兽部
肉,兽部
脂,兽部
熊,兽部
脂,兽部
胆,兽部
羚羊,兽部
九尾羊,兽部
鹿,兽部
斑龙,兽部
白胶,兽部
角,兽部
鹿茸,兽部
麋,兽部
麝,兽部
射父,兽部
香獐,兽部
灵猫,兽部
灵狸,兽部
香狸,兽部
神狸,兽部
类,兽部
猫,兽部
家狸,兽部
湍,兽部
猪獾【,兽部
兔,兽部
明,兽部
肉,兽部
血,兽部
屎（明月砂、玩月砂、兔蕈）,兽部
水獭,兽部
水狗,兽部
鼠,兽部
锥,兽部
老鼠,兽部
首鼠,兽部
家鹿,兽部
胆,兽部
牡鼠,兽部
屎,兽部
猬,兽部
毛刺,兽部
胆,兽部
肉,兽部
皮,兽部
猕猴,兽部
沐猴,兽部
胡孙,兽部
王孙,兽部
马留,兽部
狙,兽部
肉,兽部
屎,兽部
鹤,禽部
仙禽,禽部
胎禽,禽部
白鹤血,禽部
脑,禽部
卵,禽部
鹈鹕,禽部
犁鹕,禽部
乌泽,禽部
逃河,禽部
淘鹅,禽部
鹅,禽部
农雁,禽部
舒雁,禽部
白鹅油,禽部
胆,禽部
鹜,禽部
名鸭,禽部
舒凫,禽部
家凫,禽部
末匹,禽部
治鹜肪,禽部
肉,禽部
凫,禽部
野鸭,禽部
野鹜,禽部
施,禽部
沉凫,禽部
鸡,禽部
烛夜,禽部
白雄鸡肉,禽部
乌雄鸡肉,禽部
乌雌鸡肉,禽部
黄雌鸡肉,禽部
乌骨鸡,禽部
肝,禽部
胆,禽部
鸡内金,禽部
屎白,禽部
鸡蛋,禽部
鸡蛋白,禽部
鸡蛋黄,禽部
鸡蛋壳,禽部
嗉囊,禽部
雉,禽部
野鸡,禽部
鸽,禽部
鹁鸽,禽部
飞奴,禽部
白鸽肉,禽部
屎,禽部
雀,禽部
瓦雀,禽部
宾雀（按：即常见的麻雀）,禽部
雀屎：白丁香、青丹、雀苏,禽部
雀卵,禽部
肉,禽部
雄雀屎,禽部
伏翼,禽部
蝙蝠,禽部
天鼠,禽部
仙鼠,禽部
飞鼠,禽部
夜燕,禽部
伏翼,禽部
天鼠屎,禽部
寒号虫,禽部
独舂,禽部
屎名五灵脂,禽部
斑鸠,禽部
斑佳,禽部
锦鸠,禽部
鹁鸠,禽部
祝鸠,禽部
乌鸦,禽部
鸦乌,禽部
老雅,禽部
预,禽部
匹居,禽部
楚乌,禽部
大嘴乌,禽部
鹊,禽部
飞驳鸟,禽部
喜鹊,禽部
干鹊,禽部
鹰,禽部
角鹰,禽部
鹗,禽部
鱼鹰,禽部
王雎,禽部
沸波,禽部
下窟乌,禽部
雎鸠,禽部
蜂蜜,虫部
蜂糖,虫部
生岩石者名石蜜、石饴、岩蜜,虫部
蜜蜡,虫部
蜜蜂,虫部
蜡蜂,虫部
土蜂,虫部
蜚零,虫部
马蜂,虫部
露蜂房,虫部
蜂肠,虫部
蜂窠,虫部
百穿,虫部
紫金沙,虫部
艺翁,虫部
土蜂,虫部
细腰蜂,虫部
蜾赢,虫部
蒲芦,虫部
虫白蜡,虫部
拒斧,虫部
不过,虫部
其子房名螵蛸、蝉蛸、致神、野狐鼻涕,虫部
螳螂桑螵蛸,虫部
刀螂,虫部
蚕,虫部
自死干名白僵蚕,虫部
原蚕,虫部
晚蚕,虫部
魏蚕,虫部
夏蚕,虫部
热蚕,虫部
雄原蚕蛾,虫部
原蚕沙：（按蚕的粪便）,虫部
九香虫,虫部
黑兜虫,虫部
樗鸡,虫部
红娘子,虫部
灰花蛾,虫部
斑蝥,虫部
斑猫,虫部
蝥虫,虫部
龙蚝,虫部
斑蚝,虫部
芫青,虫部
青娘子,虫部
葛上亭长,虫部
地胆,虫部
芫青,虫部
青,虫部
蜘蛛,虫部
次,虫部
壁钱,虫部
壁镜,虫部
蝎,虫部
主簿虫,虫部
杜白,虫部
虿尾虫,虫部
水蛭,虫部
至掌,虫部
大者名马蜞、马蛭、马蟥、马鳖,虫部
蛆,虫部
蛆是蝇的幼虫,虫部
蛴螬,虫部
地蚕,虫部
乳齐,虫部
应条,虫部
蚱蝉,虫部
调,虫部
齐女,虫部
蝉蜕,虫部
蝉壳,虫部
枯蝉,虫部
腹,虫部
金牛儿,虫部
蜣螂,虫部
推丸,虫部
推车客,虫部
黑牛儿,虫部
铁甲将,虫部
夜游将,虫部
天牛,虫部
天水牛,虫部
八角,虫部
一角者名独角仙,虫部
蝼蛄,虫部
蟪蛄,虫部
天蝼,虫部
蝼蝈,虫部
仙姑,虫部
石鼠,虫部
梧鼠,虫部
土狗,虫部
萤火,虫部
夜光,虫部
熠,虫部
景天,虫部
救火,虫部
据火,虫部
挟火,虫部
衣鱼,虫部
白鱼,虫部
壁鱼,虫部
蠹鱼,虫部
鼠妇,虫部
鼠负,虫部
负蟠,虫部
鼠姑,虫部
鼠粘,虫部
湿生虫,虫部
地鸡,虫部
地虱,虫部
蔗虫,虫部
地鳖,虫部
土鳖,虫部
过街,虫部
蜚蠊,虫部
石姜,虫部
负盘,虫部
滑虫,虫部
茶婆虫,虫部
香娘子,虫部
蜚虻,虫部
虻虫,虫部
蟾蜍,虫部
促秋,虫部
秋施,虫部
菊促,虫部
苦龙,虫部
何皮,虫部
癞蛤蟆,虫部
蟾酥,虫部
蛤蟆,虫部
惊蟆,虫部
蛙,虫部
长股,虫部
田鸡,虫部
青鸡,虫部
坐鱼,虫部
蛤鱼,虫部
蝌蚪,虫部
活师,虫部
活东,虫部
玄鱼,虫部
悬针,虫部
水仙子,虫部
蛤蟆台,虫部
蜈蚣,虫部
蒺藜,虫部
蛆,虫部
天龙,虫部
蚯蚓,虫部
蜮蚓,虫部
劬闰,虫部
坚蚕,虫部
阮善,虫部
蜗牛,虫部
称俞,虫部
山蜗牛,虫部
蜗赢,虫部
蜒蚰赢,虫部
土牛儿,虫部
蛞蝓,虫部
陵蠡,虫部
土蜗,虫部
托胎虫,虫部
鼻涕虫,虫部
蜒蚰螺,虫部
蛔虫,虫部
人龙,虫部
水龟,介部
玄衣督邮,介部
龟甲：神屋、败龟板、败将、漏天机,介部
龟甲,介部
肉,介部
玳瑁,介部
鳖,介部
团鱼,介部
神守,介部
鳖甲,介部
肉,介部
蟹,介部
螃蟹,介部
郭索,介部
横行介士,介部
无肠公子,介部
雌名：博带,介部
牡蛎,介部
牡蛤,介部
蛎蛤,介部
古贲,介部
蚌,介部
真珠,介部
珍珠,介部
蚌珠,介部
石决明【,介部
九孔螺,介部
壳名千里光,介部
海蛤,介部
苦、咸、平、无毒。,介部
蛤蜊,介部
肉,介部
蛤蜊粉,介部
车渠【,介部
海扇,介部
贝子,介部
贝齿,介部
白贝,介部
海,介部
淡菜,介部
壳菜,介部
海,介部
车海夫人,介部
田螺,介部
壳,介部
蜗螺,介部
螺蛳,介部
烂壳名鬼眼睛,介部
韭,菜部
草钟乳,菜部
起陽草,菜部
葱,菜部
芤,菜部
菜伯,菜部
和事草,菜部
鹿胎,菜部
薤,菜部
名叫,菜部
钓子,菜部
火葱,菜部
菜芝,菜部
鸿荟,菜部
蒜,菜部
小蒜,菜部
茆蒜,菜部
荤菜,菜部
葫,菜部
大蒜,菜部
荤菜,菜部
芸薹,菜部
寒菜,菜部
胡菜,菜部
薹菜,菜部
薹芥,菜部
油菜,菜部
芥,菜部
白芥,菜部
胡芥,菜部
蜀芥,菜部
芜菁,菜部
蔓菁,菜部
九英菘,菜部
诸葛菜,菜部
莱菔,菜部
芦,菜部
萝卜,菜部
紫花菘,菜部
温菘,菜部
土酥,菜部
生姜,菜部
干姜,菜部
白姜,菜部
胡荽,菜部
香荽,菜部
胡菜,菜部
荽,菜部
水芹,菜部
芹菜,菜部
水英,菜部
楚葵,菜部
茴香,菜部
茴香,菜部
八角珠,菜部
菠菜,菜部
菠菜,菜部
波斯草,菜部
赤根菜,菜部
荠菜,菜部
护生草,菜部
菥,菜部
大荠,菜部
大蕺,菜部
马辛,菜部
鸡肠草,菜部
苜蓿,菜部
木粟,菜部
光风草,菜部
苋,菜部
马齿苋,菜部
马苋,菜部
五行草,菜部
五方草,菜部
长命菜,菜部
九头狮子草,菜部
苦菜,菜部
名荼,菜部
苦苣,菜部
苦荬,菜部
游冬,菜部
褊巨,菜部
老鹳菜,菜部
天香菜,菜部
莴苣,菜部
名莴菜,菜部
千金菜,菜部
翻白草,菜部
天藕,菜部
鸡腿根,菜部
蒲公英,菜部
名耨草,菜部
金簪草,菜部
黄花地丁,菜部
蕺,菜部
菜,菜部
鱼腥草,菜部
蕨,菜部
薇,菜部
垂水,菜部
野豌豆,菜部
大巢菜,菜部
翘摇,菜部
摇车,菜部
野蚕豆,菜部
小巢菜,菜部
鹿藿,菜部
鹿豆,菜部
劳豆,菜部
野绿豆,菜部
藜,菜部
莱,菜部
红心灰蓼,菜部
鹤顶草,菜部
胭指菜,菜部
芋,菜部
土芝,菜部
蹲,菜部
薯蓣,菜部
薯,菜部
土薯,菜部
山薯,菜部
山芋,菜部
山药,菜部
玉延,菜部
甘薯,菜部
百合,菜部
藩,菜部
强瞿,菜部
蒜脑薯,菜部
竹笋,菜部
竹萌,菜部
竹芽,菜部
竹胎,菜部
竹子,菜部
茄,菜部
落苏,菜部
昆化瓜,菜部
草鳖甲,菜部
壶卢,菜部
瓠瓜,菜部
匏瓜,菜部
苦瓠,菜部
苦瓠,菜部
匏瓜,菜部
枝,菜部
石花菜,菜部
冬瓜,菜部
名白瓜,菜部
水芝,菜部
地芝,菜部
白冬瓜,菜部
瓜练（瓜瓤）,菜部
白瓜子（冬瓜仁）,菜部
瓜皮,菜部
南瓜,菜部
胡瓜,菜部
黄瓜,菜部
丝瓜,菜部
天丝瓜,菜部
天罗,菜部
布瓜,菜部
蛮撤,菜部
鱼,菜部
苦瓜,菜部
锦荔枝,菜部
癞葡萄,菜部
紫菜,菜部
紫软,菜部
石莼,菜部
鹿角菜,菜部
猴葵,菜部
龙须菜,菜部
睡菜,菜部
暝菜,菜部
绰菜,菜部
醉草,菜部
懒妇,菜部
芝,菜部
囚,菜部
青芝,菜部
赤芝,菜部
黄芝,菜部
黑芝,菜部
木耳,菜部
木软,菜部
木菌,菜部
树鸡,菜部
木蛾,菜部
皂荚蕈,菜部
香蕈,菜部
蘑菰蕈,菜部
肉蕈,菜部
鸡菌,菜部
土菌,菜部
杜蕈,菜部
地蕈,菜部
菇子,菜部
地鸡,菜部
獐头,菜部
地耳,菜部
地踏菇,菜部
石耳,菜部
灵芝,菜部
露水,水部
白花露,水部
百花露,水部
柏叶露、菖蒲露,水部
韭叶露,水部
明水,水部
方诸水,水部
冬霜,水部
腊雪,水部
夏冰,水部
亦名凌,水部
半天河,水部
上池水,水部
流水,水部
劳水,水部
甘烂水,水部
扬泛水,水部
井泉水,水部
醴泉,水部
甘泉,水部
温汤,水部
温泉,水部
沸泉,水部
盐胆水,水部
卤水,水部
阿井泉,水部
地浆,水部
热汤,水部
百沸汤,水部
麻沸汤,水部
太和汤,水部
浆水,水部
酸浆,水部
人中黄,人部
人尿,人部
溲,人部
小便,人部
轮回酒,人部
还元汤,人部
乱发,人部
血余,人部
人退,人部
溺白沂,人部
人中白,人部
秋石,人部
人胞,人部
胞衣,人部
胎衣,人部
紫可车,人部
混沌衣,人部
混元母,人部
佛袈裟,人部
仙人衣,人部
部银,金石
白金,金石
鋈,金石
自然铜,金石部
石髓铅,金石部
铜青,金石部
铜绿,金石部
铅霜,金石部
铅白霜,金石部
粉锡,金石部
铅粉,金石部
铅丹,金石部
黄丹,金石部
丹粉,金石部
朱粉,金石部
铅华,金石部
密陀僧,金石部
没多僧,金石部
炉底,金石部
锡,金石部
白,金石部
贺,金石部
铁,金石部
黑金,金石部
乌金,金石部
熟铁,金石部
生铁,金石部
铁粉,金石部
铁落,金石部
铁液,金石部
铁屑,金石部
铁蛾,金石部
铁精,金石部
铁花,金石部
白石英,金石部
水银,金石部
汞,金石部
灵液,金石部
姹女,金石部
水银粉,金石部
汞粉,金石部
轻粉,金石部
峭粉,金石部
腻粉,金石部
粉霜,金石部
水银霜,金石部
白雪,金石部
白灵砂,金石部
银朱,金石部
猩红,金石部
紫粉霜,金石部
灵砂,金石部
二气砂,金石部
雄黄,金石部
黄金石,金石部
石黄,金石部
熏黄,金石部
雌黄,金石部
石膏,金石部
细理石,金石部
寒水石,金石部
滑石,金石部
画石,金石部
液石,金石部
石,金石部
脱石,金石部
冷石,金石部
番石,金石部
共石,金石部
不灰木,金石部
无灰木,金石部
五色石脂,金石部
炉甘石,金石部
炉先生,金石部
无名异,金石部
炉先生,金石部
石钟乳,金石部
留公乳,金石部
虚中,金石部
芦石,金石部
鹅管石,金石部
夏石,金石部
黄砂石,金石部
石脑油,金石部
石油,金石部
石漆,金石部
猛火油,金石部
雄黄油,金石部
硫磺油,金石部
石炭,金石部
煤炭,金石部
石墨,金石部
铁炭,金石部
乌金石,金石部
焦石,金石部
石灰,金石部
石垩,金石部
垩灰,金石部
希灰,金石部
煅石,金石部
白虎,金石部
矿灰,金石部
阳起石,金石部
羊起名,金石部
白石,金石部
石生,金石部
慈石,金石部
玄石,金石部
处石,金石部
铁石,金石部
吸针石,金石部
代赭石,金石部
须丸,金石部
血师,金石部
土朱,金石部
铁朱,金石部
禹余粮,金石部
白余粮,金石部
空青,金石部
杨梅青,金石部
曾青,金石部
曾,金石部
音层,金石部
曾青,金石部
绿青,金石部
石绿,金石部
大绿,金石部
扁青,金石部
石青,金石部
大青,金石部
石胆,金石部
胆矾,金石部
黑石,金石部
君石,金石部
毕石,金石部
铜勒,金石部
立制石,金石部
砒石,金石部
信石,金石部
人言,金石部
金星石,金石部
礞石,金石部
花乳石,金石部
花蕊石,金石部
金牙石,金石部
黄牙石,金石部
石燕,金石部
食盐,金石部
鹾,金石部
盐,金石部
胡盐,金石部
羌盐,金石部
青盐,金石部
秃登盐,金石部
陰士盐（按：即现在所称的大青盐）,金石部
卤碱,金石部
卤盐,金石部
寒石,金石部
石碱,金石部
凝水石,金石部
卤盐,金石部
寒石,金石部
石碱,金石部
玄精石,金石部
太乙玄精石,金石部
陰精石,金石部
玄英石,金石部
朴硝（硭硝、马牙硝）,金石部
硝石朴,金石部
盐硝,金石部
皮硝（“硝”原作为“消”）,金石部
玄明粉,金石部
白龙粉,金石部
硝石,金石部
硭硝,金石部
苦硝,金石部
焰硝,金石部
火硝,金石部
地霜,金石部
生硝,金石部
北帝玄珠,金石部
硇砂,金石部
砂,金石部
狄盐,金石部
北庭砂,金石部
气砂,金石部
透骨将军,金石部
蓬,金石部
鹏砂,金石部
盆砂,金石部
一作硼砂,金石部
石硫磺,金石部
硫磺,金石部
黄硇砂,金石部
黄牙,金石部
陽侯,金石部
将军,金石部
石硫赤,金石部
石亭脂,金石部
石硫丹,金石部
石硫芝,金石部
矾石,金石部
涅石,金石部
羽涅,金石部
羽泽,金石部
绿矾,金石部
皂矾,金石部
青矾,金石部
